segment_id,action_label,confidence,start_global_frame_index,end_global_frame_index,frame_count,crosses_row_boundary,recommended_for_clip
1,walk,0.651,0,79,80,True,True
2,run,0.5778,80,111,32,True,True
3,idle,1.0,112,449,338,True,True
4,walk,1.0,450,469,20,False,True
5,unusable_partial,0.0,470,470,1,False,False
6,walk,1.0,471,478,8,False,True
7,run,0.725,479,480,2,False,True
8,walk,1.0,481,481,1,False,False
9,run,0.965,482,499,18,False,True
10,sit,0.7202,500,503,4,False,True
11,dance,0.6246,504,549,46,False,True
12,run,0.6344,550,567,18,False,True
13,walk,1.0,568,588,21,False,True
14,run,0.75,589,589,1,False,False
15,jump,0.4904,590,608,19,True,True
16,run,0.5564,609,614,6,False,True
17,unusable_partial,0.0,615,615,1,False,False
18,run,0.6651,616,624,9,False,True
19,unusable_partial,0.0,625,625,1,False,False
20,run,0.6863,626,633,8,False,True
21,unusable_partial,0.0,634,634,1,False,False
22,run,0.5791,635,637,3,False,True
23,unusable_partial,0.0,638,638,1,False,False
24,run,0.5588,639,639,1,False,False
25,half_crouch_sneak,0.6834,640,658,19,True,True
26,run,0.5651,659,665,7,False,True
27,unusable_partial,0.0,666,666,1,False,False
28,run,0.5963,667,689,23,False,True
29,full_crouch,0.2518,690,708,19,True,True
30,unusable_partial,0.0,709,719,11,False,False
31,run,0.7215,720,744,25,False,True
32,unusable_partial,0.0,745,746,2,False,False
33,run,0.5365,747,749,3,False,True
34,fall,0.3005,750,762,13,False,True
35,run,0.5189,763,764,2,False,True
36,unusable_partial,0.0,765,766,2,False,False
37,run,0.539,767,774,8,False,True
38,unusable_partial,0.0,775,777,3,False,False
39,run,0.5509,778,791,14,False,True
40,unusable_partial,0.0,792,793,2,False,False
41,run,0.5572,794,795,2,False,True
42,unusable_partial,0.0,796,798,3,False,False
43,run,0.5294,799,799,1,False,False
44,unusable_partial,0.0,800,801,2,False,False
45,run,0.5511,802,807,6,False,True
46,unusable_partial,0.0,808,808,1,False,False
47,run,0.581,809,810,2,False,True
48,unusable_partial,0.0,811,812,2,False,False
49,run,0.5235,813,819,7,False,True
50,unusable_partial,0.0,820,822,3,False,False
51,run,0.5245,823,824,2,False,True
52,unusable_partial,0.0,825,827,3,False,False
53,run,0.5244,828,828,1,False,False
54,unusable_partial,0.0,829,829,1,False,False
55,run,0.5312,830,830,1,False,False
56,unusable_partial,0.0,831,831,1,False,False
57,run,0.5588,832,832,1,False,False
58,unusable_partial,0.0,833,834,2,False,False
59,run,0.5777,835,838,4,False,True
60,unusable_partial,0.0,839,839,1,False,False
61,run,0.52,840,840,1,False,False
62,unusable_partial,0.0,841,842,2,False,False
63,run,0.5833,843,843,1,False,False
64,unusable_partial,0.0,844,844,1,False,False
65,run,0.5286,845,846,2,False,True
66,unusable_partial,0.0,847,847,1,False,False
67,run,0.5769,848,848,1,False,False
68,unusable_partial,0.0,849,850,2,True,False
69,run,0.6921,851,853,3,False,True
70,unusable_partial,0.0,854,854,1,False,False
71,run,0.5526,855,856,2,False,True
72,unusable_partial,0.0,857,857,1,False,False
73,run,0.5649,858,863,6,False,True
74,unusable_partial,0.0,864,864,1,False,False
75,run,0.6806,865,866,2,False,True
76,unusable_partial,0.0,867,868,2,False,False
77,run,0.5862,869,872,4,False,True
78,unusable_partial,0.0,873,873,1,False,False
79,run,0.5845,874,876,3,False,True
80,unusable_partial,0.0,877,877,1,False,False
81,run,0.5625,878,878,1,False,False
82,unusable_partial,0.0,879,879,1,False,False
83,run,0.5376,880,882,3,False,True
84,unusable_partial,0.0,883,883,1,False,False
85,run,0.6042,884,885,2,False,True
86,unusable_partial,0.0,886,887,2,False,False
87,run,0.6072,888,892,5,False,True
88,unusable_partial,0.0,893,893,1,False,False
89,run,0.789,894,963,70,True,True
90,walk,0.8987,964,983,20,False,True
91,run,0.9451,984,1047,64,True,True
92,unusable_partial,0.0,1048,1048,1,False,False
93,run,0.5536,1049,1058,10,True,True
94,unusable_partial,0.0,1059,1059,1,False,False
95,run,0.6499,1060,1126,67,True,True
96,walk,0.7,1127,1127,1,False,False
97,run,1.0,1128,1129,2,False,True
98,walk,1.0,1130,1160,31,True,True
99,run,0.8274,1161,1193,33,False,True
100,unusable_partial,0.0,1194,1194,1,False,False
101,run,0.8903,1195,1211,17,True,True
102,unusable_partial,0.0,1212,1212,1,False,False
103,run,0.7922,1213,1217,5,False,True
104,unusable_partial,0.0,1218,1218,1,False,False
105,run,0.8034,1219,1235,17,False,True
106,unusable_partial,0.0,1236,1236,1,False,False
107,run,0.7161,1237,1325,89,True,True
108,walk,1.0,1326,1366,41,True,True
109,run,0.5385,1367,1367,1,False,False
110,unusable_partial,0.0,1368,1368,1,False,False
111,run,0.5814,1369,1415,47,True,True
112,unusable_partial,0.0,1416,1416,1,False,False
113,run,0.6619,1417,1484,68,True,True
114,unusable_partial,0.0,1485,1485,1,False,False
115,run,0.6101,1486,1529,44,True,True
116,unusable_partial,0.0,1530,1530,1,False,False
117,run,0.7621,1531,1551,21,True,True
118,walk,0.9167,1552,1553,2,False,True
119,run,1.0,1554,1554,1,False,False
120,walk,1.0,1555,1558,4,False,True
121,run,0.75,1559,1559,1,False,False
122,walk,1.0,1560,1573,14,False,True
123,run,0.75,1574,1574,1,False,False
124,walk,1.0,1575,1575,1,False,False
125,run,0.8376,1576,1648,73,True,True
126,walk,1.0,1649,1653,5,True,True
127,run,1.0,1654,1654,1,False,False
128,walk,0.8333,1655,1655,1,False,False
129,run,0.656,1656,1690,35,False,True
130,walk,0.625,1691,1691,1,False,False
131,run,0.6497,1692,1712,21,True,True
132,walk,1.0,1713,1749,37,False,True
133,fight_stance,0.8933,1750,1899,150,True,True
134,run,0.7461,1900,1937,38,False,True
135,walk,0.9798,1938,1949,12,False,True
136,run,0.662,1950,2015,66,True,True
137,unusable_partial,0.0,2016,2016,1,False,False
138,run,0.5292,2017,2018,2,False,True
139,unusable_partial,0.0,2019,2019,1,False,False
140,run,0.5441,2020,2022,3,False,True
141,unusable_partial,0.0,2023,2023,1,False,False
142,run,0.6086,2024,2047,24,False,True
143,unusable_partial,0.0,2048,2049,2,False,False
144,run,0.5333,2050,2050,1,False,False
145,unusable_partial,0.0,2051,2051,1,False,False
146,run,0.5553,2052,2063,12,False,True
147,unusable_partial,0.0,2064,2064,1,False,False
148,run,0.5402,2065,2067,3,False,True
149,unusable_partial,0.0,2068,2068,1,False,False
150,run,0.5596,2069,2070,2,False,True
151,unusable_partial,0.0,2071,2071,1,False,False
152,run,0.842,2072,2086,15,False,True
153,walk,1.0,2087,2094,8,False,True
154,run,0.5385,2095,2095,1,False,False
155,walk,1.0,2096,2099,4,False,True
156,run,0.5256,2100,2100,1,False,False
157,walk,1.0,2101,2112,12,False,True
158,run,0.7332,2113,2225,113,True,True
159,walk,1.0,2226,2279,54,True,True
160,run,0.8941,2280,2288,9,False,True
161,walk,0.9956,2289,2328,40,True,True
162,run,0.9917,2329,2333,5,False,True
163,walk,1.0,2334,2334,1,False,False
164,run,1.0,2335,2336,2,False,True
165,walk,0.7778,2337,2341,5,False,True
166,run,1.0,2342,2342,1,False,False
167,walk,1.0,2343,2344,2,False,True
168,run,0.6538,2345,2401,57,True,True
169,walk,1.0,2402,2455,54,True,True
170,run,0.9601,2456,2487,32,False,True
171,walk,1.0,2488,2495,8,False,True
172,blank,0.0,2496,2499,4,False,False
