path,file_name,category_guess,width,height,aspect_ratio,has_alpha,bbox_min_x,bbox_min_y,bbox_max_x,bbox_max_y,bbox_width,bbox_height,bbox_aspect_ratio,transparent_padding_left,transparent_padding_right,transparent_padding_top,transparent_padding_bottom,transparent_percent,coverage_percent,corner_transparency_ratios,row_width_profile,rough_shape_classification,classification,confidence,notes
C:\Users\jtben\Documents\PBD 2026\OpenClaw\main\games\my-2d-game\assets\tilesets\cyber_city_core_tilesets\CyberCity_Core_Tiles_2\CyberCity_Core_Tiles_2\Floor1_1.png,Floor1_1.png,floor,740,424,1.7453,True,5,5,733,417,729,413,1.7651,5,6,5,6,4.51,95.49,"{""top_left"": 0.1084, ""top_right"": 0.1162, ""bottom_left"": 0.1093, ""bottom_right"": 0.1154}","{""samples_at_0_25_50_75_100_percent"": [0, 727, 727, 727, 0], ""min_visible_row_width"": 0, ""max_visible_row_width"": 728, ""peak_row_index"": 112, ""monotonic_diamond_score"": 0.9976}",atlas/sheet,CATEGORY E - TRUE TILESHEET / ATLAS,0.55,large image or atlas-like filename
C:\Users\jtben\Documents\PBD 2026\OpenClaw\main\games\my-2d-game\assets\tilesets\cyber_city_core_tilesets\CyberCity_Core_Tiles_2\CyberCity_Core_Tiles_2\Floor1_2.png,Floor1_2.png,floor,585,531,1.1017,True,5,6,578,525,574,520,1.1038,5,6,6,5,4.1,95.9,"{""top_left"": 0.0972, ""top_right"": 0.1058, ""bottom_left"": 0.0971, ""bottom_right"": 0.1051}","{""samples_at_0_25_50_75_100_percent"": [0, 574, 573, 574, 0], ""min_visible_row_width"": 0, ""max_visible_row_width"": 574, ""peak_row_index"": 11, ""monotonic_diamond_score"": 0.9925}",atlas/sheet,CATEGORY E - TRUE TILESHEET / ATLAS,0.55,large image or atlas-like filename
C:\Users\jtben\Documents\PBD 2026\OpenClaw\main\games\my-2d-game\assets\tilesets\cyber_city_core_tilesets\CyberCity_Core_Tiles_2\CyberCity_Core_Tiles_2\Floor1_3.png,Floor1_3.png,floor,921,656,1.404,True,2,1,920,654,919,654,1.4052,2,0,1,1,50.37,49.63,"{""top_left"": 1.0, ""top_right"": 1.0, ""bottom_left"": 1.0, ""bottom_right"": 1.0}","{""samples_at_0_25_50_75_100_percent"": [0, 466, 821, 461, 0], ""min_visible_row_width"": 0, ""max_visible_row_width"": 821, ""peak_row_index"": 295, ""monotonic_diamond_score"": 0.9664}",atlas/sheet,CATEGORY E - TRUE TILESHEET / ATLAS,0.55,large image or atlas-like filename
C:\Users\jtben\Documents\PBD 2026\OpenClaw\main\games\my-2d-game\assets\tilesets\cyber_city_core_tilesets\CyberCity_Core_Tiles_2\CyberCity_Core_Tiles_2\Floor1_4.png,Floor1_4.png,floor,919,657,1.3988,True,1,1,917,656,917,656,1.3979,1,1,1,0,50.22,49.78,"{""top_left"": 1.0, ""top_right"": 1.0, ""bottom_left"": 1.0, ""bottom_right"": 1.0}","{""samples_at_0_25_50_75_100_percent"": [0, 463, 820, 467, 3], ""min_visible_row_width"": 0, ""max_visible_row_width"": 821, ""peak_row_index"": 296, ""monotonic_diamond_score"": 0.9741}",atlas/sheet,CATEGORY E - TRUE TILESHEET / ATLAS,0.55,large image or atlas-like filename
C:\Users\jtben\Documents\PBD 2026\OpenClaw\main\games\my-2d-game\assets\tilesets\cyber_city_core_tilesets\CyberCity_Core_Tiles_2\CyberCity_Core_Tiles_2\FloorMat1_1.png,FloorMat1_1.png,floor,49,45,1.0889,True,3,0,47,44,45,45,1.0,3,1,0,0,19.5,80.5,"{""top_left"": 0.6049, ""top_right"": 0.4321, ""bottom_left"": 0.6914, ""bottom_right"": 0.2099}","{""samples_at_0_25_50_75_100_percent"": [7, 43, 42, 42, 1], ""min_visible_row_width"": 1, ""max_visible_row_width"": 43, ""peak_row_index"": 10, ""monotonic_diamond_score"": 0.9545}",unclear,CATEGORY F - UNCLEAR / OTHER,0.45,floor-like filename but pixel shape does not strongly match diamond or square cell
C:\Users\jtben\Documents\PBD 2026\OpenClaw\main\games\my-2d-game\assets\tilesets\cyber_city_core_tilesets\CyberCity_Core_Tiles_2\CyberCity_Core_Tiles_2\FloorMat1_2.png,FloorMat1_2.png,floor,67,37,1.8108,True,1,4,62,35,62,32,1.9375,1,4,4,1,28.4,71.6,"{""top_left"": 0.8681, ""top_right"": 0.7363, ""bottom_left"": 0.5714, ""bottom_right"": 0.6154}","{""samples_at_0_25_50_75_100_percent"": [0, 61, 60, 58, 0], ""min_visible_row_width"": 0, ""max_visible_row_width"": 61, ""peak_row_index"": 7, ""monotonic_diamond_score"": 1.0}",diamond-ish,CATEGORY A - TRUE DIAMOND / ISOMETRIC FLOOR CELL,0.85,"2:1 bbox, transparent corners, diamond-like row profile"
C:\Users\jtben\Documents\PBD 2026\OpenClaw\main\games\my-2d-game\assets\tilesets\cyber_city_core_tilesets\CyberCity_Core_Tiles_2\CyberCity_Core_Tiles_2\FloorMat1_3.png,FloorMat1_3.png,floor,49,48,1.0208,True,1,3,45,46,45,44,1.0227,1,3,3,1,24.74,75.26,"{""top_left"": 0.4444, ""top_right"": 0.7778, ""bottom_left"": 0.5309, ""bottom_right"": 0.6914}","{""samples_at_0_25_50_75_100_percent"": [0, 42, 42, 42, 0], ""min_visible_row_width"": 0, ""max_visible_row_width"": 43, ""peak_row_index"": 23, ""monotonic_diamond_score"": 0.9362}",unclear,CATEGORY F - UNCLEAR / OTHER,0.45,floor-like filename but pixel shape does not strongly match diamond or square cell
C:\Users\jtben\Documents\PBD 2026\OpenClaw\main\games\my-2d-game\assets\tilesets\cyber_city_core_tilesets\CyberCity_Core_Tiles_2\CyberCity_Core_Tiles_2\FloorMat1_4.png,FloorMat1_4.png,floor,63,36,1.75,True,0,1,61,34,62,34,1.8235,0,1,1,1,21.25,78.75,"{""top_left"": 0.5833, ""top_right"": 0.619, ""bottom_left"": 0.2262, ""bottom_right"": 0.6071}","{""samples_at_0_25_50_75_100_percent"": [0, 57, 59, 61, 0], ""min_visible_row_width"": 0, ""max_visible_row_width"": 61, ""peak_row_index"": 26, ""monotonic_diamond_score"": 0.9714}",diamond-ish,CATEGORY A - TRUE DIAMOND / ISOMETRIC FLOOR CELL,0.85,"2:1 bbox, transparent corners, diamond-like row profile"
C:\Users\jtben\Documents\PBD 2026\OpenClaw\main\games\my-2d-game\assets\tilesets\cyber_city_core_tilesets\CyberCity_Core_Tiles_2\CyberCity_Core_Tiles_2\FloorMat1_5.png,FloorMat1_5.png,floor,74,53,1.3962,True,4,2,72,51,69,50,1.38,4,1,2,1,54.44,45.56,"{""top_left"": 1.0, ""top_right"": 1.0, ""bottom_left"": 1.0, ""bottom_right"": 1.0}","{""samples_at_0_25_50_75_100_percent"": [0, 34, 64, 36, 0], ""min_visible_row_width"": 0, ""max_visible_row_width"": 64, ""peak_row_index"": 26, ""monotonic_diamond_score"": 0.9808}",unclear,CATEGORY F - UNCLEAR / OTHER,0.45,floor-like filename but pixel shape does not strongly match diamond or square cell
C:\Users\jtben\Documents\PBD 2026\OpenClaw\main\games\my-2d-game\assets\tilesets\cyber_city_core_tilesets\CyberCity_Core_Tiles_2\CyberCity_Core_Tiles_2\FloorMat1_6.png,FloorMat1_6.png,floor,71,52,1.3654,True,1,0,69,50,69,51,1.3529,1,1,0,1,51.3,48.7,"{""top_left"": 1.0, ""top_right"": 1.0, ""bottom_left"": 1.0, ""bottom_right"": 1.0}","{""samples_at_0_25_50_75_100_percent"": [1, 39, 58, 35, 0], ""min_visible_row_width"": 0, ""max_visible_row_width"": 58, ""peak_row_index"": 26, ""monotonic_diamond_score"": 1.0}",unclear,CATEGORY F - UNCLEAR / OTHER,0.45,floor-like filename but pixel shape does not strongly match diamond or square cell
C:\Users\jtben\Documents\PBD 2026\OpenClaw\main\games\my-2d-game\assets\tilesets\cyber_city_core_tilesets\CyberCity_Core_Tiles_1\CyberCity_Core_Tiles_1\Barrier1_1.png,Barrier1_1.png,wall,35,114,0.307,True,3,1,33,112,31,112,0.2768,3,1,1,1,29.5,70.5,"{""top_left"": 0.9286, ""top_right"": 1.0, ""bottom_left"": 0.539, ""bottom_right"": 0.7597}","{""samples_at_0_25_50_75_100_percent"": [0, 22, 31, 31, 0], ""min_visible_row_width"": 0, ""max_visible_row_width"": 31, ""peak_row_index"": 39, ""monotonic_diamond_score"": 0.9027}",wall strip,CATEGORY D - WALL STRIP / BUILDING PIECE,0.75,wall/building-like filename and non-floor use
C:\Users\jtben\Documents\PBD 2026\OpenClaw\main\games\my-2d-game\assets\tilesets\cyber_city_core_tilesets\CyberCity_Core_Tiles_1\CyberCity_Core_Tiles_1\Barrier1_2.png,Barrier1_2.png,wall,130,60,2.1667,True,3,1,129,56,127,56,2.2679,3,0,1,3,33.05,66.95,"{""top_left"": 0.7853, ""top_right"": 0.7981, ""bottom_left"": 0.8109, ""bottom_right"": 0.7532}","{""samples_at_0_25_50_75_100_percent"": [0, 101, 105, 101, 0], ""min_visible_row_width"": 0, ""max_visible_row_width"": 115, ""peak_row_index"": 32, ""monotonic_diamond_score"": 0.8305}",wall strip,CATEGORY D - WALL STRIP / BUILDING PIECE,0.75,wall/building-like filename and non-floor use
C:\Users\jtben\Documents\PBD 2026\OpenClaw\main\games\my-2d-game\assets\tilesets\cyber_city_core_tilesets\CyberCity_Core_Tiles_1\CyberCity_Core_Tiles_1\Barrier1_3.png,Barrier1_3.png,wall,36,112,0.3214,True,3,0,33,110,31,111,0.2793,3,2,0,1,30.38,69.62,"{""top_left"": 0.9805, ""top_right"": 1.0, ""bottom_left"": 0.5195, ""bottom_right"": 0.7338}","{""samples_at_0_25_50_75_100_percent"": [1, 23, 31, 31, 0], ""min_visible_row_width"": 0, ""max_visible_row_width"": 31, ""peak_row_index"": 46, ""monotonic_diamond_score"": 0.973}",wall strip,CATEGORY D - WALL STRIP / BUILDING PIECE,0.75,wall/building-like filename and non-floor use
C:\Users\jtben\Documents\PBD 2026\OpenClaw\main\games\my-2d-game\assets\tilesets\cyber_city_core_tilesets\CyberCity_Core_Tiles_1\CyberCity_Core_Tiles_1\Barrier1_4.png,Barrier1_4.png,wall,126,59,2.1356,True,1,1,124,56,124,56,2.2143,1,1,1,2,30.13,69.87,"{""top_left"": 0.5382, ""top_right"": 1.0, ""bottom_left"": 0.4982, ""bottom_right"": 0.9491}","{""samples_at_0_25_50_75_100_percent"": [0, 92, 107, 102, 0], ""min_visible_row_width"": 0, ""max_visible_row_width"": 122, ""peak_row_index"": 38, ""monotonic_diamond_score"": 0.7931}",wall strip,CATEGORY D - WALL STRIP / BUILDING PIECE,0.75,wall/building-like filename and non-floor use
C:\Users\jtben\Documents\PBD 2026\OpenClaw\main\games\my-2d-game\assets\tilesets\cyber_city_core_tilesets\CyberCity_Core_Tiles_1\CyberCity_Core_Tiles_1\Barrier1_5.png,Barrier1_5.png,wall,94,97,0.9691,True,1,1,92,95,92,95,0.9684,1,1,1,1,52.2,47.8,"{""top_left"": 0.4006, ""top_right"": 1.0, ""bottom_left"": 1.0, ""bottom_right"": 0.7456}","{""samples_at_0_25_50_75_100_percent"": [0, 41, 75, 57, 0], ""min_visible_row_width"": 0, ""max_visible_row_width"": 76, ""peak_row_index"": 52, ""monotonic_diamond_score"": 0.9375}",wall strip,CATEGORY D - WALL STRIP / BUILDING PIECE,0.75,wall/building-like filename and non-floor use
C:\Users\jtben\Documents\PBD 2026\OpenClaw\main\games\my-2d-game\assets\tilesets\cyber_city_core_tilesets\CyberCity_Core_Tiles_1\CyberCity_Core_Tiles_1\Barrier1_6.png,Barrier1_6.png,wall,100,99,1.0101,True,0,1,98,92,99,92,1.0761,0,1,1,6,55.52,44.48,"{""top_left"": 1.0, ""top_right"": 0.9158, ""bottom_left"": 0.5421, ""bottom_right"": 1.0}","{""samples_at_0_25_50_75_100_percent"": [0, 48, 75, 43, 0], ""min_visible_row_width"": 0, ""max_visible_row_width"": 78, ""peak_row_index"": 44, ""monotonic_diamond_score"": 0.9694}",wall strip,CATEGORY D - WALL STRIP / BUILDING PIECE,0.75,wall/building-like filename and non-floor use
C:\Users\jtben\Documents\PBD 2026\OpenClaw\main\games\my-2d-game\assets\tilesets\cyber_city_core_tilesets\CyberCity_Core_Tiles_1\CyberCity_Core_Tiles_1\Barrier1_7.png,Barrier1_7.png,wall,97,97,1.0,True,0,1,96,95,97,95,1.0211,0,0,1,1,53.27,46.73,"{""top_left"": 1.0, ""top_right"": 0.7701, ""bottom_left"": 0.6537, ""bottom_right"": 1.0}","{""samples_at_0_25_50_75_100_percent"": [0, 40, 77, 50, 0], ""min_visible_row_width"": 0, ""max_visible_row_width"": 77, ""peak_row_index"": 46, ""monotonic_diamond_score"": 0.9583}",wall strip,CATEGORY D - WALL STRIP / BUILDING PIECE,0.75,wall/building-like filename and non-floor use
C:\Users\jtben\Documents\PBD 2026\OpenClaw\main\games\my-2d-game\assets\tilesets\cyber_city_core_tilesets\CyberCity_Core_Tiles_1\CyberCity_Core_Tiles_1\Barrier1_8.png,Barrier1_8.png,wall,92,97,0.9485,True,1,3,90,95,90,93,0.9677,1,1,3,1,51.32,48.68,"{""top_left"": 0.3889, ""top_right"": 1.0, ""bottom_left"": 1.0, ""bottom_right"": 0.617}","{""samples_at_0_25_50_75_100_percent"": [0, 40, 75, 57, 0], ""min_visible_row_width"": 0, ""max_visible_row_width"": 75, ""peak_row_index"": 47, ""monotonic_diamond_score"": 0.9688}",wall strip,CATEGORY D - WALL STRIP / BUILDING PIECE,0.75,wall/building-like filename and non-floor use
C:\Users\jtben\Documents\PBD 2026\OpenClaw\main\games\my-2d-game\assets\tilesets\cyber_city_core_tilesets\CyberCity_Core_Tiles_1\CyberCity_Core_Tiles_1\Barrier2_1.png,Barrier2_1.png,wall,119,63,1.8889,True,1,2,117,61,117,60,1.95,1,1,2,1,48.1,51.9,"{""top_left"": 0.8551, ""top_right"": 1.0, ""bottom_left"": 0.8261, ""bottom_right"": 0.8804}","{""samples_at_0_25_50_75_100_percent"": [0, 90, 37, 108, 0], ""min_visible_row_width"": 0, ""max_visible_row_width"": 111, ""peak_row_index"": 39, ""monotonic_diamond_score"": 0.7903}",wall strip,CATEGORY D - WALL STRIP / BUILDING PIECE,0.75,wall/building-like filename and non-floor use
C:\Users\jtben\Documents\PBD 2026\OpenClaw\main\games\my-2d-game\assets\tilesets\cyber_city_core_tilesets\CyberCity_Core_Tiles_1\CyberCity_Core_Tiles_1\Barrier2_2.png,Barrier2_2.png,wall,35,112,0.3125,True,1,1,30,110,30,110,0.2727,1,4,1,1,56.38,43.62,"{""top_left"": 1.0, ""top_right"": 1.0, ""bottom_left"": 0.7013, ""bottom_right"": 1.0}","{""samples_at_0_25_50_75_100_percent"": [0, 13, 28, 18, 0], ""min_visible_row_width"": 0, ""max_visible_row_width"": 28, ""peak_row_index"": 50, ""monotonic_diamond_score"": 0.8739}",wall strip,CATEGORY D - WALL STRIP / BUILDING PIECE,0.75,wall/building-like filename and non-floor use
C:\Users\jtben\Documents\PBD 2026\OpenClaw\main\games\my-2d-game\assets\tilesets\cyber_city_core_tilesets\CyberCity_Core_Tiles_1\CyberCity_Core_Tiles_1\Barrel1_1.png,Barrel1_1.png,prop,63,101,0.6238,True,0,1,61,97,62,97,0.6392,0,1,1,3,44.79,55.21,"{""top_left"": 0.9125, ""top_right"": 1.0, ""bottom_left"": 0.6042, ""bottom_right"": 1.0}","{""samples_at_0_25_50_75_100_percent"": [0, 26, 43, 48, 0], ""min_visible_row_width"": 0, ""max_visible_row_width"": 58, ""peak_row_index"": 58, ""monotonic_diamond_score"": 0.88}",free prop,CATEGORY C - DIMETRIC / ISOMETRIC-LOOKING PARALLAX SPRITE,0.72,standalone prop-like filename and variable object placement expected
C:\Users\jtben\Documents\PBD 2026\OpenClaw\main\games\my-2d-game\assets\tilesets\cyber_city_core_tilesets\CyberCity_Core_Tiles_1\CyberCity_Core_Tiles_1\Barrel1_2.png,Barrel1_2.png,prop,66,85,0.7765,True,1,0,64,83,64,84,0.7619,1,1,0,1,44.78,55.22,"{""top_left"": 0.629, ""top_right"": 1.0, ""bottom_left"": 0.9819, ""bottom_right"": 0.9683}","{""samples_at_0_25_50_75_100_percent"": [4, 40, 47, 47, 0], ""min_visible_row_width"": 0, ""max_visible_row_width"": 53, ""peak_row_index"": 55, ""monotonic_diamond_score"": 0.9524}",free prop,CATEGORY C - DIMETRIC / ISOMETRIC-LOOKING PARALLAX SPRITE,0.72,standalone prop-like filename and variable object placement expected
C:\Users\jtben\Documents\PBD 2026\OpenClaw\main\games\my-2d-game\assets\tilesets\cyber_city_core_tilesets\CyberCity_Core_Tiles_1\CyberCity_Core_Tiles_1\Barrel1_3.png,Barrel1_3.png,prop,66,75,0.88,True,2,1,64,71,63,71,0.8873,2,1,1,3,40.79,59.21,"{""top_left"": 0.559, ""top_right"": 1.0, ""bottom_left"": 0.7846, ""bottom_right"": 1.0}","{""samples_at_0_25_50_75_100_percent"": [0, 40, 52, 43, 0], ""min_visible_row_width"": 0, ""max_visible_row_width"": 60, ""peak_row_index"": 42, ""monotonic_diamond_score"": 0.9459}",free prop,CATEGORY C - DIMETRIC / ISOMETRIC-LOOKING PARALLAX SPRITE,0.72,standalone prop-like filename and variable object placement expected
C:\Users\jtben\Documents\PBD 2026\OpenClaw\main\games\my-2d-game\assets\tilesets\cyber_city_core_tilesets\CyberCity_Core_Tiles_1\CyberCity_Core_Tiles_1\Barrel1_4.png,Barrel1_4.png,prop,74,91,0.8132,True,3,1,72,86,70,86,0.814,3,1,1,4,49.85,50.15,"{""top_left"": 1.0, ""top_right"": 1.0, ""bottom_left"": 0.5952, ""bottom_right"": 1.0}","{""samples_at_0_25_50_75_100_percent"": [0, 42, 48, 46, 0], ""min_visible_row_width"": 0, ""max_visible_row_width"": 70, ""peak_row_index"": 52, ""monotonic_diamond_score"": 0.8889}",free prop,CATEGORY C - DIMETRIC / ISOMETRIC-LOOKING PARALLAX SPRITE,0.72,standalone prop-like filename and variable object placement expected
C:\Users\jtben\Documents\PBD 2026\OpenClaw\main\games\my-2d-game\assets\tilesets\cyber_city_core_tilesets\CyberCity_Core_Tiles_1\CyberCity_Core_Tiles_1\Barrel1_5.png,Barrel1_5.png,prop,60,98,0.6122,True,1,3,58,96,58,94,0.617,1,1,3,1,43.44,56.56,"{""top_left"": 0.636, ""top_right"": 1.0, ""bottom_left"": 0.7193, ""bottom_right"": 0.9649}","{""samples_at_0_25_50_75_100_percent"": [0, 20, 49, 49, 0], ""min_visible_row_width"": 0, ""max_visible_row_width"": 53, ""peak_row_index"": 67, ""monotonic_diamond_score"": 0.8969}",free prop,CATEGORY C - DIMETRIC / ISOMETRIC-LOOKING PARALLAX SPRITE,0.72,standalone prop-like filename and variable object placement expected
C:\Users\jtben\Documents\PBD 2026\OpenClaw\main\games\my-2d-game\assets\tilesets\cyber_city_core_tilesets\CyberCity_Core_Tiles_1\CyberCity_Core_Tiles_1\Barrel1_6.png,Barrel1_6.png,prop,68,92,0.7391,True,1,1,67,90,67,90,0.7444,1,0,1,1,44.15,55.85,"{""top_left"": 0.9145, ""top_right"": 1.0, ""bottom_left"": 0.3675, ""bottom_right"": 1.0}","{""samples_at_0_25_50_75_100_percent"": [0, 34, 56, 47, 0], ""min_visible_row_width"": 0, ""max_visible_row_width"": 59, ""peak_row_index"": 48, ""monotonic_diamond_score"": 0.9341}",free prop,CATEGORY C - DIMETRIC / ISOMETRIC-LOOKING PARALLAX SPRITE,0.72,standalone prop-like filename and variable object placement expected
C:\Users\jtben\Documents\PBD 2026\OpenClaw\main\games\my-2d-game\assets\tilesets\cyber_city_core_tilesets\CyberCity_Core_Tiles_1\CyberCity_Core_Tiles_1\Barrel1_7.png,Barrel1_7.png,prop,63,80,0.7875,True,1,2,61,79,61,78,0.7821,1,1,2,0,41.19,58.81,"{""top_left"": 0.7708, ""top_right"": 1.0, ""bottom_left"": 0.9115, ""bottom_right"": 0.9896}","{""samples_at_0_25_50_75_100_percent"": [0, 45, 49, 45, 1], ""min_visible_row_width"": 0, ""max_visible_row_width"": 53, ""peak_row_index"": 50, ""monotonic_diamond_score"": 0.9114}",free prop,CATEGORY C - DIMETRIC / ISOMETRIC-LOOKING PARALLAX SPRITE,0.72,standalone prop-like filename and variable object placement expected
C:\Users\jtben\Documents\PBD 2026\OpenClaw\main\games\my-2d-game\assets\tilesets\cyber_city_core_tilesets\CyberCity_Core_Tiles_1\CyberCity_Core_Tiles_1\Barrel1_8.png,Barrel1_8.png,prop,66,78,0.8462,True,1,0,62,76,62,77,0.8052,1,3,0,1,39.86,60.14,"{""top_left"": 0.7641, ""top_right"": 1.0, ""bottom_left"": 0.4103, ""bottom_right"": 1.0}","{""samples_at_0_25_50_75_100_percent"": [2, 41, 62, 54, 0], ""min_visible_row_width"": 0, ""max_visible_row_width"": 62, ""peak_row_index"": 38, ""monotonic_diamond_score"": 0.9351}",free prop,CATEGORY C - DIMETRIC / ISOMETRIC-LOOKING PARALLAX SPRITE,0.72,standalone prop-like filename and variable object placement expected
C:\Users\jtben\Documents\PBD 2026\OpenClaw\main\games\my-2d-game\assets\tilesets\cyber_city_core_tilesets\CyberCity_Core_Tiles_1\CyberCity_Core_Tiles_1\Barrel2_1.png,Barrel2_1.png,prop,59,75,0.7867,True,4,1,57,73,54,73,0.7397,4,1,1,1,32.75,67.25,"{""top_left"": 0.7515, ""top_right"": 1.0, ""bottom_left"": 0.7818, ""bottom_right"": 1.0}","{""samples_at_0_25_50_75_100_percent"": [0, 39, 53, 47, 0], ""min_visible_row_width"": 0, ""max_visible_row_width"": 54, ""peak_row_index"": 39, ""monotonic_diamond_score"": 1.0}",free prop,CATEGORY C - DIMETRIC / ISOMETRIC-LOOKING PARALLAX SPRITE,0.72,standalone prop-like filename and variable object placement expected
C:\Users\jtben\Documents\PBD 2026\OpenClaw\main\games\my-2d-game\assets\tilesets\cyber_city_core_tilesets\CyberCity_Core_Tiles_1\CyberCity_Core_Tiles_1\Barrel2_2.png,Barrel2_2.png,prop,60,74,0.8108,True,5,1,58,72,54,72,0.75,5,1,1,1,33.04,66.96,"{""top_left"": 0.7917, ""top_right"": 1.0, ""bottom_left"": 0.8274, ""bottom_right"": 0.994}","{""samples_at_0_25_50_75_100_percent"": [0, 39, 53, 48, 0], ""min_visible_row_width"": 0, ""max_visible_row_width"": 54, ""peak_row_index"": 38, ""monotonic_diamond_score"": 0.9863}",free prop,CATEGORY C - DIMETRIC / ISOMETRIC-LOOKING PARALLAX SPRITE,0.72,standalone prop-like filename and variable object placement expected
C:\Users\jtben\Documents\PBD 2026\OpenClaw\main\games\my-2d-game\assets\tilesets\cyber_city_core_tilesets\CyberCity_Core_Tiles_1\CyberCity_Core_Tiles_1\Billboard10_1.png,Billboard10_1.png,tall,39,103,0.3786,True,5,2,33,99,29,98,0.2959,5,5,2,3,53.85,46.15,"{""top_left"": 1.0, ""top_right"": 0.8143, ""bottom_left"": 0.8357, ""bottom_right"": 1.0}","{""samples_at_0_25_50_75_100_percent"": [0, 7, 24, 24, 0], ""min_visible_row_width"": 0, ""max_visible_row_width"": 24, ""peak_row_index"": 35, ""monotonic_diamond_score"": 0.9608}",tall prop,CATEGORY C - DIMETRIC / ISOMETRIC-LOOKING PARALLAX SPRITE,0.72,standalone prop-like filename and variable object placement expected
C:\Users\jtben\Documents\PBD 2026\OpenClaw\main\games\my-2d-game\assets\tilesets\cyber_city_core_tilesets\CyberCity_Core_Tiles_1\CyberCity_Core_Tiles_1\Billboard10_2.png,Billboard10_2.png,tall,61,106,0.5755,True,3,1,55,100,53,100,0.53,3,5,1,5,70.29,29.71,"{""top_left"": 1.0, ""top_right"": 1.0, ""bottom_left"": 1.0, ""bottom_right"": 0.6071}","{""samples_at_0_25_50_75_100_percent"": [0, 10, 24, 24, 0], ""min_visible_row_width"": 0, ""max_visible_row_width"": 51, ""peak_row_index"": 35, ""monotonic_diamond_score"": 0.9714}",tall prop,CATEGORY C - DIMETRIC / ISOMETRIC-LOOKING PARALLAX SPRITE,0.72,standalone prop-like filename and variable object placement expected
C:\Users\jtben\Documents\PBD 2026\OpenClaw\main\games\my-2d-game\assets\tilesets\cyber_city_core_tilesets\CyberCity_Core_Tiles_1\CyberCity_Core_Tiles_1\Billboard10_3.png,Billboard10_3.png,tall,36,87,0.4138,True,3,1,31,82,29,82,0.3537,3,4,1,4,48.34,51.66,"{""top_left"": 0.9748, ""top_right"": 0.9832, ""bottom_left"": 1.0, ""bottom_right"": 0.7899}","{""samples_at_0_25_50_75_100_percent"": [0, 24, 28, 24, 0], ""min_visible_row_width"": 0, ""max_visible_row_width"": 28, ""peak_row_index"": 40, ""monotonic_diamond_score"": 0.9535}",tall prop,CATEGORY C - DIMETRIC / ISOMETRIC-LOOKING PARALLAX SPRITE,0.72,standalone prop-like filename and variable object placement expected
C:\Users\jtben\Documents\PBD 2026\OpenClaw\main\games\my-2d-game\assets\tilesets\cyber_city_core_tilesets\CyberCity_Core_Tiles_1\CyberCity_Core_Tiles_1\Billboard10_4.png,Billboard10_4.png,tall,63,84,0.75,True,4,1,56,80,53,80,0.6625,4,6,1,3,63.34,36.66,"{""top_left"": 0.9219, ""top_right"": 0.9323, ""bottom_left"": 0.5365, ""bottom_right"": 1.0}","{""samples_at_0_25_50_75_100_percent"": [0, 31, 24, 25, 0], ""min_visible_row_width"": 0, ""max_visible_row_width"": 52, ""peak_row_index"": 16, ""monotonic_diamond_score"": 0.9036}",tall prop,CATEGORY C - DIMETRIC / ISOMETRIC-LOOKING PARALLAX SPRITE,0.72,standalone prop-like filename and variable object placement expected
C:\Users\jtben\Documents\PBD 2026\OpenClaw\main\games\my-2d-game\assets\tilesets\cyber_city_core_tilesets\CyberCity_Core_Tiles_1\CyberCity_Core_Tiles_1\Billboard10_5.png,Billboard10_5.png,tall,52,106,0.4906,True,1,1,46,105,46,105,0.4381,1,5,1,0,58.85,41.15,"{""top_left"": 0.819, ""top_right"": 1.0, ""bottom_left"": 1.0, ""bottom_right"": 0.781}","{""samples_at_0_25_50_75_100_percent"": [0, 14, 31, 31, 2], ""min_visible_row_width"": 0, ""max_visible_row_width"": 33, ""peak_row_index"": 45, ""monotonic_diamond_score"": 0.8952}",tall prop,CATEGORY C - DIMETRIC / ISOMETRIC-LOOKING PARALLAX SPRITE,0.72,standalone prop-like filename and variable object placement expected
C:\Users\jtben\Documents\PBD 2026\OpenClaw\main\games\my-2d-game\assets\tilesets\cyber_city_core_tilesets\CyberCity_Core_Tiles_1\CyberCity_Core_Tiles_1\Billboard10_6.png,Billboard10_6.png,tall,62,94,0.6596,True,4,2,60,92,57,91,0.6264,4,1,2,1,61.05,38.95,"{""top_left"": 1.0, ""top_right"": 0.6157, ""bottom_left"": 0.7083, ""bottom_right"": 1.0}","{""samples_at_0_25_50_75_100_percent"": [0, 15, 31, 31, 0], ""min_visible_row_width"": 0, ""max_visible_row_width"": 33, ""peak_row_index"": 33, ""monotonic_diamond_score"": 0.8817}",tall prop,CATEGORY C - DIMETRIC / ISOMETRIC-LOOKING PARALLAX SPRITE,0.72,standalone prop-like filename and variable object placement expected
C:\Users\jtben\Documents\PBD 2026\OpenClaw\main\games\my-2d-game\assets\tilesets\cyber_city_core_tilesets\CyberCity_Core_Tiles_1\CyberCity_Core_Tiles_1\Billboard10_7.png,Billboard10_7.png,tall,60,95,0.6316,True,0,1,56,93,57,93,0.6129,0,3,1,1,61.65,38.35,"{""top_left"": 1.0, ""top_right"": 1.0, ""bottom_left"": 1.0, ""bottom_right"": 0.6316}","{""samples_at_0_25_50_75_100_percent"": [0, 4, 43, 32, 0], ""min_visible_row_width"": 0, ""max_visible_row_width"": 57, ""peak_row_index"": 41, ""monotonic_diamond_score"": 0.9149}",tall prop,CATEGORY C - DIMETRIC / ISOMETRIC-LOOKING PARALLAX SPRITE,0.72,standalone prop-like filename and variable object placement expected
C:\Users\jtben\Documents\PBD 2026\OpenClaw\main\games\my-2d-game\assets\tilesets\cyber_city_core_tilesets\CyberCity_Core_Tiles_1\CyberCity_Core_Tiles_1\Billboard10_8.png,Billboard10_8.png,tall,53,81,0.6543,True,3,1,48,79,46,79,0.5823,3,4,1,1,51.06,48.94,"{""top_left"": 0.9938, ""top_right"": 1.0, ""bottom_left"": 0.8, ""bottom_right"": 1.0}","{""samples_at_0_25_50_75_100_percent"": [0, 33, 36, 31, 0], ""min_visible_row_width"": 0, ""max_visible_row_width"": 44, ""peak_row_index"": 29, ""monotonic_diamond_score"": 0.95}",tall prop,CATEGORY C - DIMETRIC / ISOMETRIC-LOOKING PARALLAX SPRITE,0.72,standalone prop-like filename and variable object placement expected
C:\Users\jtben\Documents\PBD 2026\OpenClaw\main\games\my-2d-game\assets\tilesets\cyber_city_core_tilesets\CyberCity_Core_Tiles_1\CyberCity_Core_Tiles_1\Billboard11_1.png,Billboard11_1.png,tall,55,109,0.5046,True,1,5,50,104,50,100,0.5,1,4,5,4,46.34,53.66,"{""top_left"": 0.7749, ""top_right"": 0.5498, ""bottom_left"": 0.7792, ""bottom_right"": 0.5195}","{""samples_at_0_25_50_75_100_percent"": [0, 30, 31, 30, 0], ""min_visible_row_width"": 0, ""max_visible_row_width"": 50, ""peak_row_index"": 13, ""monotonic_diamond_score"": 0.9537}",tall prop,CATEGORY C - DIMETRIC / ISOMETRIC-LOOKING PARALLAX SPRITE,0.72,standalone prop-like filename and variable object placement expected
C:\Users\jtben\Documents\PBD 2026\OpenClaw\main\games\my-2d-game\assets\tilesets\cyber_city_core_tilesets\CyberCity_Core_Tiles_1\CyberCity_Core_Tiles_1\Billboard11_2.png,Billboard11_2.png,tall,15,132,0.1136,True,4,0,10,128,7,129,0.0543,4,4,0,3,67.02,32.98,"{""top_left"": 1.0, ""top_right"": 1.0, ""bottom_left"": 1.0, ""bottom_right"": 1.0}","{""samples_at_0_25_50_75_100_percent"": [3, 5, 5, 5, 0], ""min_visible_row_width"": 0, ""max_visible_row_width"": 7, ""peak_row_index"": 37, ""monotonic_diamond_score"": 0.9847}",tall prop,CATEGORY C - DIMETRIC / ISOMETRIC-LOOKING PARALLAX SPRITE,0.72,standalone prop-like filename and variable object placement expected
C:\Users\jtben\Documents\PBD 2026\OpenClaw\main\games\my-2d-game\assets\tilesets\cyber_city_core_tilesets\CyberCity_Core_Tiles_1\CyberCity_Core_Tiles_1\ArcadeCabinet1_1.png,ArcadeCabinet1_1.png,tech,91,110,0.8273,True,6,3,88,107,83,105,0.7905,6,2,3,2,30.52,69.48,"{""top_left"": 0.447, ""top_right"": 1.0, ""bottom_left"": 0.4192, ""bottom_right"": 0.8687}","{""samples_at_0_25_50_75_100_percent"": [0, 56, 81, 73, 0], ""min_visible_row_width"": 0, ""max_visible_row_width"": 83, ""peak_row_index"": 68, ""monotonic_diamond_score"": 1.0}",free prop,CATEGORY C - DIMETRIC / ISOMETRIC-LOOKING PARALLAX SPRITE,0.72,standalone prop-like filename and variable object placement expected
C:\Users\jtben\Documents\PBD 2026\OpenClaw\main\games\my-2d-game\assets\tilesets\cyber_city_core_tilesets\CyberCity_Core_Tiles_1\CyberCity_Core_Tiles_1\ArcadeCabinet1_2.png,ArcadeCabinet1_2.png,tech,80,128,0.625,True,0,1,76,126,77,126,0.6111,0,3,1,1,27.54,72.46,"{""top_left"": 0.3625, ""top_right"": 1.0, ""bottom_left"": 0.1075, ""bottom_right"": 0.8775}","{""samples_at_0_25_50_75_100_percent"": [0, 48, 74, 69, 0], ""min_visible_row_width"": 0, ""max_visible_row_width"": 76, ""peak_row_index"": 52, ""monotonic_diamond_score"": 0.9528}",free prop,CATEGORY C - DIMETRIC / ISOMETRIC-LOOKING PARALLAX SPRITE,0.72,standalone prop-like filename and variable object placement expected
C:\Users\jtben\Documents\PBD 2026\OpenClaw\main\games\my-2d-game\assets\tilesets\cyber_city_core_tilesets\CyberCity_Core_Tiles_1\CyberCity_Core_Tiles_1\ArcadeCabinet1_3.png,ArcadeCabinet1_3.png,tech,89,124,0.7177,True,6,0,88,121,83,122,0.6803,6,0,0,2,27.36,72.64,"{""top_left"": 0.3946, ""top_right"": 1.0, ""bottom_left"": 0.4289, ""bottom_right"": 0.9436}","{""samples_at_0_25_50_75_100_percent"": [2, 56, 82, 77, 0], ""min_visible_row_width"": 0, ""max_visible_row_width"": 83, ""peak_row_index"": 52, ""monotonic_diamond_score"": 1.0}",free prop,CATEGORY C - DIMETRIC / ISOMETRIC-LOOKING PARALLAX SPRITE,0.72,standalone prop-like filename and variable object placement expected
C:\Users\jtben\Documents\PBD 2026\OpenClaw\main\games\my-2d-game\assets\tilesets\cyber_city_core_tilesets\CyberCity_Core_Tiles_1\CyberCity_Core_Tiles_1\ArcadeCabinet1_4.png,ArcadeCabinet1_4.png,tech,86,131,0.6565,True,3,4,82,129,80,126,0.6349,3,3,4,1,34.64,65.36,"{""top_left"": 0.681, ""top_right"": 1.0, ""bottom_left"": 0.9842, ""bottom_right"": 0.8778}","{""samples_at_0_25_50_75_100_percent"": [0, 49, 78, 66, 0], ""min_visible_row_width"": 0, ""max_visible_row_width"": 79, ""peak_row_index"": 59, ""monotonic_diamond_score"": 0.9846}",free prop,CATEGORY C - DIMETRIC / ISOMETRIC-LOOKING PARALLAX SPRITE,0.72,standalone prop-like filename and variable object placement expected
C:\Users\jtben\Documents\PBD 2026\OpenClaw\main\games\my-2d-game\assets\tilesets\cyber_city_core_tilesets\CyberCity_Core_Tiles_1\CyberCity_Core_Tiles_1\ArcadeCabinet1_5.png,ArcadeCabinet1_5.png,tech,106,125,0.848,True,5,1,104,124,100,124,0.8065,5,1,1,0,39.14,60.86,"{""top_left"": 0.9352, ""top_right"": 1.0, ""bottom_left"": 0.659, ""bottom_right"": 1.0}","{""samples_at_0_25_50_75_100_percent"": [0, 62, 95, 83, 2], ""min_visible_row_width"": 0, ""max_visible_row_width"": 100, ""peak_row_index"": 66, ""monotonic_diamond_score"": 0.9113}",free prop,CATEGORY C - DIMETRIC / ISOMETRIC-LOOKING PARALLAX SPRITE,0.72,standalone prop-like filename and variable object placement expected
C:\Users\jtben\Documents\PBD 2026\OpenClaw\main\games\my-2d-game\assets\tilesets\cyber_city_core_tilesets\CyberCity_Core_Tiles_1\CyberCity_Core_Tiles_1\ArcadeCabinet1_6.png,ArcadeCabinet1_6.png,tech,104,125,0.832,True,1,1,102,123,102,123,0.8293,1,1,1,1,41.89,58.11,"{""top_left"": 0.598, ""top_right"": 1.0, ""bottom_left"": 1.0, ""bottom_right"": 1.0}","{""samples_at_0_25_50_75_100_percent"": [0, 63, 87, 75, 0], ""min_visible_row_width"": 0, ""max_visible_row_width"": 93, ""peak_row_index"": 67, ""monotonic_diamond_score"": 0.9516}",free prop,CATEGORY C - DIMETRIC / ISOMETRIC-LOOKING PARALLAX SPRITE,0.72,standalone prop-like filename and variable object placement expected
C:\Users\jtben\Documents\PBD 2026\OpenClaw\main\games\my-2d-game\assets\tilesets\cyber_city_core_tilesets\CyberCity_Core_Tiles_1\CyberCity_Core_Tiles_1\ArcadeCabinet1_7.png,ArcadeCabinet1_7.png,tech,105,140,0.75,True,4,2,103,139,100,138,0.7246,4,1,2,0,41.3,58.7,"{""top_left"": 0.9065, ""top_right"": 1.0, ""bottom_left"": 0.8486, ""bottom_right"": 1.0}","{""samples_at_0_25_50_75_100_percent"": [0, 74, 86, 79, 3], ""min_visible_row_width"": 0, ""max_visible_row_width"": 100, ""peak_row_index"": 79, ""monotonic_diamond_score"": 0.9209}",free prop,CATEGORY C - DIMETRIC / ISOMETRIC-LOOKING PARALLAX SPRITE,0.72,standalone prop-like filename and variable object placement expected
C:\Users\jtben\Documents\PBD 2026\OpenClaw\main\games\my-2d-game\assets\tilesets\cyber_city_core_tilesets\CyberCity_Core_Tiles_1\CyberCity_Core_Tiles_1\ArcadeCabinet1_8.png,ArcadeCabinet1_8.png,tech,104,139,0.7482,True,1,0,102,137,102,138,0.7391,1,1,0,1,41.78,58.22,"{""top_left"": 0.9278, ""top_right"": 1.0, ""bottom_left"": 0.8796, ""bottom_right"": 1.0}","{""samples_at_0_25_50_75_100_percent"": [2, 74, 93, 72, 0], ""min_visible_row_width"": 0, ""max_visible_row_width"": 96, ""peak_row_index"": 74, ""monotonic_diamond_score"": 0.9203}",free prop,CATEGORY C - DIMETRIC / ISOMETRIC-LOOKING PARALLAX SPRITE,0.72,standalone prop-like filename and variable object placement expected
C:\Users\jtben\Documents\PBD 2026\OpenClaw\main\games\my-2d-game\assets\tilesets\cyber_city_core_tilesets\CyberCity_Core_Tiles_1\CyberCity_Core_Tiles_1\ArcadeCabinet2_1.png,ArcadeCabinet2_1.png,tech,80,117,0.6838,True,3,3,76,115,74,113,0.6549,3,3,3,1,34.5,65.5,"{""top_left"": 0.3478, ""top_right"": 1.0, ""bottom_left"": 0.2527, ""bottom_right"": 1.0}","{""samples_at_0_25_50_75_100_percent"": [0, 46, 73, 62, 0], ""min_visible_row_width"": 0, ""max_visible_row_width"": 74, ""peak_row_index"": 64, ""monotonic_diamond_score"": 1.0}",free prop,CATEGORY C - DIMETRIC / ISOMETRIC-LOOKING PARALLAX SPRITE,0.72,standalone prop-like filename and variable object placement expected
C:\Users\jtben\Documents\PBD 2026\OpenClaw\main\games\my-2d-game\assets\tilesets\cyber_city_core_tilesets\CyberCity_Core_Tiles_1\CyberCity_Core_Tiles_1\ArcadeCabinet2_2.png,ArcadeCabinet2_2.png,tech,64,129,0.4961,True,4,6,63,127,60,122,0.4918,4,0,6,1,38.88,61.12,"{""top_left"": 0.5633, ""top_right"": 1.0, ""bottom_left"": 0.3633, ""bottom_right"": 0.6833}","{""samples_at_0_25_50_75_100_percent"": [0, 22, 47, 59, 0], ""min_visible_row_width"": 0, ""max_visible_row_width"": 60, ""peak_row_index"": 107, ""monotonic_diamond_score"": 0.9531}",free prop,CATEGORY C - DIMETRIC / ISOMETRIC-LOOKING PARALLAX SPRITE,0.72,standalone prop-like filename and variable object placement expected
C:\Users\jtben\Documents\PBD 2026\OpenClaw\main\games\my-2d-game\assets\tilesets\cyber_city_core_tilesets\CyberCity_Core_Tiles_1\CyberCity_Core_Tiles_1\ACUnit1_1.png,ACUnit1_1.png,other,62,31,2.0,True,2,1,58,29,57,29,1.9655,2,3,1,1,15.14,84.86,"{""top_left"": 0.3056, ""top_right"": 0.4583, ""bottom_left"": 0.3194, ""bottom_right"": 0.4583}","{""samples_at_0_25_50_75_100_percent"": [0, 56, 57, 56, 0], ""min_visible_row_width"": 0, ""max_visible_row_width"": 57, ""peak_row_index"": 13, ""monotonic_diamond_score"": 1.0}",unclear,CATEGORY F - UNCLEAR / OTHER,0.35,insufficient filename/pixel evidence
C:\Users\jtben\Documents\PBD 2026\OpenClaw\main\games\my-2d-game\assets\tilesets\cyber_city_core_tilesets\CyberCity_Core_Tiles_1\CyberCity_Core_Tiles_1\ACUnit1_2.png,ACUnit1_2.png,other,21,61,0.3443,True,3,2,18,59,16,58,0.2759,3,2,2,1,33.18,66.82,"{""top_left"": 0.7917, ""top_right"": 0.7292, ""bottom_left"": 0.7708, ""bottom_right"": 1.0}","{""samples_at_0_25_50_75_100_percent"": [0, 16, 14, 14, 0], ""min_visible_row_width"": 0, ""max_visible_row_width"": 16, ""peak_row_index"": 6, ""monotonic_diamond_score"": 1.0}",unclear,CATEGORY F - UNCLEAR / OTHER,0.35,insufficient filename/pixel evidence
C:\Users\jtben\Documents\PBD 2026\OpenClaw\main\games\my-2d-game\assets\tilesets\cyber_city_core_tilesets\CyberCity_Core_Tiles_1\CyberCity_Core_Tiles_1\ACUnit1_3.png,ACUnit1_3.png,other,60,35,1.7143,True,1,3,58,33,58,31,1.871,1,1,3,1,21.48,78.52,"{""top_left"": 0.5357, ""top_right"": 0.5357, ""bottom_left"": 0.4286, ""bottom_right"": 0.4167}","{""samples_at_0_25_50_75_100_percent"": [0, 56, 56, 57, 0], ""min_visible_row_width"": 0, ""max_visible_row_width"": 58, ""peak_row_index"": 21, ""monotonic_diamond_score"": 0.9706}",unclear,CATEGORY F - UNCLEAR / OTHER,0.35,insufficient filename/pixel evidence
C:\Users\jtben\Documents\PBD 2026\OpenClaw\main\games\my-2d-game\assets\tilesets\cyber_city_core_tilesets\CyberCity_Core_Tiles_1\CyberCity_Core_Tiles_1\ACUnit1_4.png,ACUnit1_4.png,other,23,60,0.3833,True,1,1,16,58,16,58,0.2759,1,6,1,1,37.97,62.03,"{""top_left"": 0.7708, ""top_right"": 1.0, ""bottom_left"": 0.4583, ""bottom_right"": 1.0}","{""samples_at_0_25_50_75_100_percent"": [0, 14, 14, 16, 0], ""min_visible_row_width"": 0, ""max_visible_row_width"": 16, ""peak_row_index"": 34, ""monotonic_diamond_score"": 1.0}",unclear,CATEGORY F - UNCLEAR / OTHER,0.35,insufficient filename/pixel evidence
C:\Users\jtben\Documents\PBD 2026\OpenClaw\main\games\my-2d-game\assets\tilesets\cyber_city_core_tilesets\CyberCity_Core_Tiles_1\CyberCity_Core_Tiles_1\ACUnit1_5.png,ACUnit1_5.png,other,52,54,0.963,True,2,1,50,53,49,53,0.9245,2,1,1,0,47.65,52.35,"{""top_left"": 1.0, ""top_right"": 0.44, ""bottom_left"": 0.56, ""bottom_right"": 1.0}","{""samples_at_0_25_50_75_100_percent"": [0, 28, 47, 29, 1], ""min_visible_row_width"": 0, ""max_visible_row_width"": 47, ""peak_row_index"": 27, ""monotonic_diamond_score"": 1.0}",unclear,CATEGORY F - UNCLEAR / OTHER,0.35,insufficient filename/pixel evidence
C:\Users\jtben\Documents\PBD 2026\OpenClaw\main\games\my-2d-game\assets\tilesets\cyber_city_core_tilesets\CyberCity_Core_Tiles_1\CyberCity_Core_Tiles_1\ACUnit1_6.png,ACUnit1_6.png,other,53,54,0.9815,True,1,1,49,53,49,53,0.9245,1,3,1,0,48.6,51.4,"{""top_left"": 0.47, ""top_right"": 1.0, ""bottom_left"": 1.0, ""bottom_right"": 0.61}","{""samples_at_0_25_50_75_100_percent"": [0, 28, 47, 29, 2], ""min_visible_row_width"": 0, ""max_visible_row_width"": 47, ""peak_row_index"": 27, ""monotonic_diamond_score"": 1.0}",unclear,CATEGORY F - UNCLEAR / OTHER,0.35,insufficient filename/pixel evidence
C:\Users\jtben\Documents\PBD 2026\OpenClaw\main\games\my-2d-game\assets\tilesets\cyber_city_core_tilesets\CyberCity_Core_Tiles_1\CyberCity_Core_Tiles_1\ACUnit1_7.png,ACUnit1_7.png,other,55,54,1.0185,True,5,0,53,52,49,53,0.9245,5,1,0,1,50.03,49.97,"{""top_left"": 0.7273, ""top_right"": 1.0, ""bottom_left"": 1.0, ""bottom_right"": 0.4182}","{""samples_at_0_25_50_75_100_percent"": [2, 29, 46, 28, 0], ""min_visible_row_width"": 0, ""max_visible_row_width"": 47, ""peak_row_index"": 26, ""monotonic_diamond_score"": 1.0}",unclear,CATEGORY F - UNCLEAR / OTHER,0.35,insufficient filename/pixel evidence
C:\Users\jtben\Documents\PBD 2026\OpenClaw\main\games\my-2d-game\assets\tilesets\cyber_city_core_tilesets\CyberCity_Core_Tiles_1\CyberCity_Core_Tiles_1\ACUnit1_8.png,ACUnit1_8.png,other,51,54,0.9444,True,1,1,49,52,49,52,0.9423,1,1,1,1,46.22,53.78,"{""top_left"": 1.0, ""top_right"": 0.46, ""bottom_left"": 0.45, ""bottom_right"": 1.0}","{""samples_at_0_25_50_75_100_percent"": [0, 29, 47, 28, 0], ""min_visible_row_width"": 0, ""max_visible_row_width"": 47, ""peak_row_index"": 27, ""monotonic_diamond_score"": 1.0}",unclear,CATEGORY F - UNCLEAR / OTHER,0.35,insufficient filename/pixel evidence
C:\Users\jtben\Documents\PBD 2026\OpenClaw\main\games\my-2d-game\assets\tilesets\cyber_city_core_tilesets\CyberCity_Core_Tiles_1\CyberCity_Core_Tiles_1\ACUnit2_1.png,ACUnit2_1.png,other,65,47,1.383,True,1,2,64,45,64,44,1.4545,1,0,2,1,18.23,81.77,"{""top_left"": 0.4615, ""top_right"": 0.4615, ""bottom_left"": 0.3077, ""bottom_right"": 0.2906}","{""samples_at_0_25_50_75_100_percent"": [0, 57, 57, 57, 0], ""min_visible_row_width"": 0, ""max_visible_row_width"": 64, ""peak_row_index"": 32, ""monotonic_diamond_score"": 0.9565}",unclear,CATEGORY F - UNCLEAR / OTHER,0.35,insufficient filename/pixel evidence
C:\Users\jtben\Documents\PBD 2026\OpenClaw\main\games\my-2d-game\assets\tilesets\cyber_city_core_tilesets\CyberCity_Core_Tiles_1\CyberCity_Core_Tiles_1\ACUnit2_2.png,ACUnit2_2.png,other,27,80,0.3375,True,4,1,24,78,21,78,0.2692,4,2,1,1,32.18,67.82,"{""top_left"": 1.0, ""top_right"": 0.4375, ""bottom_left"": 0.85, ""bottom_right"": 0.725}","{""samples_at_0_25_50_75_100_percent"": [0, 20, 21, 21, 0], ""min_visible_row_width"": 0, ""max_visible_row_width"": 21, ""peak_row_index"": 29, ""monotonic_diamond_score"": 0.9747}",unclear,CATEGORY F - UNCLEAR / OTHER,0.35,insufficient filename/pixel evidence
