portrait_id,quality,coverage,row,column,region_x,region_y,region_w,region_h,source_sheet_path,cropped_png_res_path,atlas_tres_res_path,suggested_character,notes
portrait_Sak_pixel_art_character_portrait_pack_cyberpunk_theme_6_diffe_7628536f-4c34-4f9f_65918a36_r0_c0,READY_PORTRAIT,0.8906,0,0,0,0,364,408,res://assets/portraits/Sak_pixel_art_character_portrait_pack_cyberpunk_theme_6_diffe_7628536f-4c34-4f9f-8bf7-1f087ecea19c_0.png,res://assets/portraits/generated_slices/portrait_Sak_pixel_art_character_portrait_pack_cyberpunk_theme_6_diffe_7628536f-4c34-4f9f_65918a36_r0_c0.png,res://assets/portraits/generated_slices/atlas_textures/portrait_Sak_pixel_art_character_portrait_pack_cyberpunk_theme_6_diffe_7628536f-4c34-4f9f_65918a36_r0_c0.tres,,Canonical 1456x816 sheet; using 4x2 grid as instructed.
portrait_Sak_pixel_art_character_portrait_pack_cyberpunk_theme_6_diffe_7628536f-4c34-4f9f_65918a36_r0_c1,READY_PORTRAIT,0.8783,0,1,364,0,364,408,res://assets/portraits/Sak_pixel_art_character_portrait_pack_cyberpunk_theme_6_diffe_7628536f-4c34-4f9f-8bf7-1f087ecea19c_0.png,res://assets/portraits/generated_slices/portrait_Sak_pixel_art_character_portrait_pack_cyberpunk_theme_6_diffe_7628536f-4c34-4f9f_65918a36_r0_c1.png,res://assets/portraits/generated_slices/atlas_textures/portrait_Sak_pixel_art_character_portrait_pack_cyberpunk_theme_6_diffe_7628536f-4c34-4f9f_65918a36_r0_c1.tres,,Canonical 1456x816 sheet; using 4x2 grid as instructed.
portrait_Sak_pixel_art_character_portrait_pack_cyberpunk_theme_6_diffe_7628536f-4c34-4f9f_65918a36_r0_c2,READY_PORTRAIT,0.8488,0,2,728,0,364,408,res://assets/portraits/Sak_pixel_art_character_portrait_pack_cyberpunk_theme_6_diffe_7628536f-4c34-4f9f-8bf7-1f087ecea19c_0.png,res://assets/portraits/generated_slices/portrait_Sak_pixel_art_character_portrait_pack_cyberpunk_theme_6_diffe_7628536f-4c34-4f9f_65918a36_r0_c2.png,res://assets/portraits/generated_slices/atlas_textures/portrait_Sak_pixel_art_character_portrait_pack_cyberpunk_theme_6_diffe_7628536f-4c34-4f9f_65918a36_r0_c2.tres,,Canonical 1456x816 sheet; using 4x2 grid as instructed.
portrait_Sak_pixel_art_character_portrait_pack_cyberpunk_theme_6_diffe_7628536f-4c34-4f9f_65918a36_r0_c3,READY_PORTRAIT,0.8881,0,3,1092,0,364,408,res://assets/portraits/Sak_pixel_art_character_portrait_pack_cyberpunk_theme_6_diffe_7628536f-4c34-4f9f-8bf7-1f087ecea19c_0.png,res://assets/portraits/generated_slices/portrait_Sak_pixel_art_character_portrait_pack_cyberpunk_theme_6_diffe_7628536f-4c34-4f9f_65918a36_r0_c3.png,res://assets/portraits/generated_slices/atlas_textures/portrait_Sak_pixel_art_character_portrait_pack_cyberpunk_theme_6_diffe_7628536f-4c34-4f9f_65918a36_r0_c3.tres,,Canonical 1456x816 sheet; using 4x2 grid as instructed.
portrait_Sak_pixel_art_character_portrait_pack_cyberpunk_theme_6_diffe_7628536f-4c34-4f9f_65918a36_r1_c0,READY_PORTRAIT,0.8756,1,0,0,408,364,408,res://assets/portraits/Sak_pixel_art_character_portrait_pack_cyberpunk_theme_6_diffe_7628536f-4c34-4f9f-8bf7-1f087ecea19c_0.png,res://assets/portraits/generated_slices/portrait_Sak_pixel_art_character_portrait_pack_cyberpunk_theme_6_diffe_7628536f-4c34-4f9f_65918a36_r1_c0.png,res://assets/portraits/generated_slices/atlas_textures/portrait_Sak_pixel_art_character_portrait_pack_cyberpunk_theme_6_diffe_7628536f-4c34-4f9f_65918a36_r1_c0.tres,,Canonical 1456x816 sheet; using 4x2 grid as instructed.
portrait_Sak_pixel_art_character_portrait_pack_cyberpunk_theme_6_diffe_7628536f-4c34-4f9f_65918a36_r1_c1,READY_PORTRAIT,0.9633,1,1,364,408,364,408,res://assets/portraits/Sak_pixel_art_character_portrait_pack_cyberpunk_theme_6_diffe_7628536f-4c34-4f9f-8bf7-1f087ecea19c_0.png,res://assets/portraits/generated_slices/portrait_Sak_pixel_art_character_portrait_pack_cyberpunk_theme_6_diffe_7628536f-4c34-4f9f_65918a36_r1_c1.png,res://assets/portraits/generated_slices/atlas_textures/portrait_Sak_pixel_art_character_portrait_pack_cyberpunk_theme_6_diffe_7628536f-4c34-4f9f_65918a36_r1_c1.tres,,Canonical 1456x816 sheet; using 4x2 grid as instructed.
portrait_Sak_pixel_art_character_portrait_pack_cyberpunk_theme_6_diffe_7628536f-4c34-4f9f_65918a36_r1_c2,READY_PORTRAIT,0.9844,1,2,728,408,364,408,res://assets/portraits/Sak_pixel_art_character_portrait_pack_cyberpunk_theme_6_diffe_7628536f-4c34-4f9f-8bf7-1f087ecea19c_0.png,res://assets/portraits/generated_slices/portrait_Sak_pixel_art_character_portrait_pack_cyberpunk_theme_6_diffe_7628536f-4c34-4f9f_65918a36_r1_c2.png,res://assets/portraits/generated_slices/atlas_textures/portrait_Sak_pixel_art_character_portrait_pack_cyberpunk_theme_6_diffe_7628536f-4c34-4f9f_65918a36_r1_c2.tres,,Canonical 1456x816 sheet; using 4x2 grid as instructed.
portrait_Sak_pixel_art_character_portrait_pack_cyberpunk_theme_6_diffe_7628536f-4c34-4f9f_65918a36_r1_c3,READY_PORTRAIT,0.9114,1,3,1092,408,364,408,res://assets/portraits/Sak_pixel_art_character_portrait_pack_cyberpunk_theme_6_diffe_7628536f-4c34-4f9f-8bf7-1f087ecea19c_0.png,res://assets/portraits/generated_slices/portrait_Sak_pixel_art_character_portrait_pack_cyberpunk_theme_6_diffe_7628536f-4c34-4f9f_65918a36_r1_c3.png,res://assets/portraits/generated_slices/atlas_textures/portrait_Sak_pixel_art_character_portrait_pack_cyberpunk_theme_6_diffe_7628536f-4c34-4f9f_65918a36_r1_c3.tres,,Canonical 1456x816 sheet; using 4x2 grid as instructed.
portrait_Sak_pixel_art_character_portrait_pack_cyberpunk_theme_WHITE_B_069c08a9-90d0-4b77_eff15256_r0_c0,READY_PORTRAIT,0.5523,0,0,0,0,364,408,res://assets/portraits/Sak_pixel_art_character_portrait_pack_cyberpunk_theme_WHITE_B_069c08a9-90d0-4b77-bb2d-889d27000089_0.png,res://assets/portraits/generated_slices/portrait_Sak_pixel_art_character_portrait_pack_cyberpunk_theme_WHITE_B_069c08a9-90d0-4b77_eff15256_r0_c0.png,res://assets/portraits/generated_slices/atlas_textures/portrait_Sak_pixel_art_character_portrait_pack_cyberpunk_theme_WHITE_B_069c08a9-90d0-4b77_eff15256_r0_c0.tres,,Canonical 1456x816 sheet; using 4x2 grid as instructed.
portrait_Sak_pixel_art_character_portrait_pack_cyberpunk_theme_WHITE_B_069c08a9-90d0-4b77_eff15256_r0_c1,READY_PORTRAIT,0.5656,0,1,364,0,364,408,res://assets/portraits/Sak_pixel_art_character_portrait_pack_cyberpunk_theme_WHITE_B_069c08a9-90d0-4b77-bb2d-889d27000089_0.png,res://assets/portraits/generated_slices/portrait_Sak_pixel_art_character_portrait_pack_cyberpunk_theme_WHITE_B_069c08a9-90d0-4b77_eff15256_r0_c1.png,res://assets/portraits/generated_slices/atlas_textures/portrait_Sak_pixel_art_character_portrait_pack_cyberpunk_theme_WHITE_B_069c08a9-90d0-4b77_eff15256_r0_c1.tres,,Canonical 1456x816 sheet; using 4x2 grid as instructed.
portrait_Sak_pixel_art_character_portrait_pack_cyberpunk_theme_WHITE_B_069c08a9-90d0-4b77_eff15256_r0_c2,READY_PORTRAIT,0.4287,0,2,728,0,364,408,res://assets/portraits/Sak_pixel_art_character_portrait_pack_cyberpunk_theme_WHITE_B_069c08a9-90d0-4b77-bb2d-889d27000089_0.png,res://assets/portraits/generated_slices/portrait_Sak_pixel_art_character_portrait_pack_cyberpunk_theme_WHITE_B_069c08a9-90d0-4b77_eff15256_r0_c2.png,res://assets/portraits/generated_slices/atlas_textures/portrait_Sak_pixel_art_character_portrait_pack_cyberpunk_theme_WHITE_B_069c08a9-90d0-4b77_eff15256_r0_c2.tres,jake,Canonical 1456x816 sheet; using 4x2 grid as instructed.
portrait_Sak_pixel_art_character_portrait_pack_cyberpunk_theme_WHITE_B_069c08a9-90d0-4b77_eff15256_r0_c3,READY_PORTRAIT,0.466,0,3,1092,0,364,408,res://assets/portraits/Sak_pixel_art_character_portrait_pack_cyberpunk_theme_WHITE_B_069c08a9-90d0-4b77-bb2d-889d27000089_0.png,res://assets/portraits/generated_slices/portrait_Sak_pixel_art_character_portrait_pack_cyberpunk_theme_WHITE_B_069c08a9-90d0-4b77_eff15256_r0_c3.png,res://assets/portraits/generated_slices/atlas_textures/portrait_Sak_pixel_art_character_portrait_pack_cyberpunk_theme_WHITE_B_069c08a9-90d0-4b77_eff15256_r0_c3.tres,,Canonical 1456x816 sheet; using 4x2 grid as instructed.
portrait_Sak_pixel_art_character_portrait_pack_cyberpunk_theme_WHITE_B_069c08a9-90d0-4b77_eff15256_r1_c0,READY_PORTRAIT,0.3816,1,0,0,408,364,408,res://assets/portraits/Sak_pixel_art_character_portrait_pack_cyberpunk_theme_WHITE_B_069c08a9-90d0-4b77-bb2d-889d27000089_0.png,res://assets/portraits/generated_slices/portrait_Sak_pixel_art_character_portrait_pack_cyberpunk_theme_WHITE_B_069c08a9-90d0-4b77_eff15256_r1_c0.png,res://assets/portraits/generated_slices/atlas_textures/portrait_Sak_pixel_art_character_portrait_pack_cyberpunk_theme_WHITE_B_069c08a9-90d0-4b77_eff15256_r1_c0.tres,louis,Canonical 1456x816 sheet; using 4x2 grid as instructed.
portrait_Sak_pixel_art_character_portrait_pack_cyberpunk_theme_WHITE_B_069c08a9-90d0-4b77_eff15256_r1_c1,READY_PORTRAIT,0.4717,1,1,364,408,364,408,res://assets/portraits/Sak_pixel_art_character_portrait_pack_cyberpunk_theme_WHITE_B_069c08a9-90d0-4b77-bb2d-889d27000089_0.png,res://assets/portraits/generated_slices/portrait_Sak_pixel_art_character_portrait_pack_cyberpunk_theme_WHITE_B_069c08a9-90d0-4b77_eff15256_r1_c1.png,res://assets/portraits/generated_slices/atlas_textures/portrait_Sak_pixel_art_character_portrait_pack_cyberpunk_theme_WHITE_B_069c08a9-90d0-4b77_eff15256_r1_c1.tres,,Canonical 1456x816 sheet; using 4x2 grid as instructed.
portrait_Sak_pixel_art_character_portrait_pack_cyberpunk_theme_WHITE_B_069c08a9-90d0-4b77_eff15256_r1_c2,READY_PORTRAIT,0.522,1,2,728,408,364,408,res://assets/portraits/Sak_pixel_art_character_portrait_pack_cyberpunk_theme_WHITE_B_069c08a9-90d0-4b77-bb2d-889d27000089_0.png,res://assets/portraits/generated_slices/portrait_Sak_pixel_art_character_portrait_pack_cyberpunk_theme_WHITE_B_069c08a9-90d0-4b77_eff15256_r1_c2.png,res://assets/portraits/generated_slices/atlas_textures/portrait_Sak_pixel_art_character_portrait_pack_cyberpunk_theme_WHITE_B_069c08a9-90d0-4b77_eff15256_r1_c2.tres,,Canonical 1456x816 sheet; using 4x2 grid as instructed.
portrait_Sak_pixel_art_character_portrait_pack_cyberpunk_theme_WHITE_B_069c08a9-90d0-4b77_eff15256_r1_c3,READY_PORTRAIT,0.5292,1,3,1092,408,364,408,res://assets/portraits/Sak_pixel_art_character_portrait_pack_cyberpunk_theme_WHITE_B_069c08a9-90d0-4b77-bb2d-889d27000089_0.png,res://assets/portraits/generated_slices/portrait_Sak_pixel_art_character_portrait_pack_cyberpunk_theme_WHITE_B_069c08a9-90d0-4b77_eff15256_r1_c3.png,res://assets/portraits/generated_slices/atlas_textures/portrait_Sak_pixel_art_character_portrait_pack_cyberpunk_theme_WHITE_B_069c08a9-90d0-4b77_eff15256_r1_c3.tres,,Canonical 1456x816 sheet; using 4x2 grid as instructed.
portrait_Sak_pixel_art_character_portrait_pack_cyberpunk_theme_WHITE_B_069c08a9-90d0-4b77_54c76689_r0_c0,READY_PORTRAIT,0.7756,0,0,0,0,364,408,res://assets/portraits/Sak_pixel_art_character_portrait_pack_cyberpunk_theme_WHITE_B_069c08a9-90d0-4b77-bb2d-889d27000089_2.png,res://assets/portraits/generated_slices/portrait_Sak_pixel_art_character_portrait_pack_cyberpunk_theme_WHITE_B_069c08a9-90d0-4b77_54c76689_r0_c0.png,res://assets/portraits/generated_slices/atlas_textures/portrait_Sak_pixel_art_character_portrait_pack_cyberpunk_theme_WHITE_B_069c08a9-90d0-4b77_54c76689_r0_c0.tres,fallback,Canonical 1456x816 sheet; using 4x2 grid as instructed.
portrait_Sak_pixel_art_character_portrait_pack_cyberpunk_theme_WHITE_B_069c08a9-90d0-4b77_54c76689_r0_c1,READY_PORTRAIT,0.602,0,1,364,0,364,408,res://assets/portraits/Sak_pixel_art_character_portrait_pack_cyberpunk_theme_WHITE_B_069c08a9-90d0-4b77-bb2d-889d27000089_2.png,res://assets/portraits/generated_slices/portrait_Sak_pixel_art_character_portrait_pack_cyberpunk_theme_WHITE_B_069c08a9-90d0-4b77_54c76689_r0_c1.png,res://assets/portraits/generated_slices/atlas_textures/portrait_Sak_pixel_art_character_portrait_pack_cyberpunk_theme_WHITE_B_069c08a9-90d0-4b77_54c76689_r0_c1.tres,parmida / mere,Canonical 1456x816 sheet; using 4x2 grid as instructed.
portrait_Sak_pixel_art_character_portrait_pack_cyberpunk_theme_WHITE_B_069c08a9-90d0-4b77_54c76689_r0_c2,READY_PORTRAIT,0.8021,0,2,728,0,364,408,res://assets/portraits/Sak_pixel_art_character_portrait_pack_cyberpunk_theme_WHITE_B_069c08a9-90d0-4b77-bb2d-889d27000089_2.png,res://assets/portraits/generated_slices/portrait_Sak_pixel_art_character_portrait_pack_cyberpunk_theme_WHITE_B_069c08a9-90d0-4b77_54c76689_r0_c2.png,res://assets/portraits/generated_slices/atlas_textures/portrait_Sak_pixel_art_character_portrait_pack_cyberpunk_theme_WHITE_B_069c08a9-90d0-4b77_54c76689_r0_c2.tres,,Canonical 1456x816 sheet; using 4x2 grid as instructed.
portrait_Sak_pixel_art_character_portrait_pack_cyberpunk_theme_WHITE_B_069c08a9-90d0-4b77_54c76689_r0_c3,READY_PORTRAIT,0.8097,0,3,1092,0,364,408,res://assets/portraits/Sak_pixel_art_character_portrait_pack_cyberpunk_theme_WHITE_B_069c08a9-90d0-4b77-bb2d-889d27000089_2.png,res://assets/portraits/generated_slices/portrait_Sak_pixel_art_character_portrait_pack_cyberpunk_theme_WHITE_B_069c08a9-90d0-4b77_54c76689_r0_c3.png,res://assets/portraits/generated_slices/atlas_textures/portrait_Sak_pixel_art_character_portrait_pack_cyberpunk_theme_WHITE_B_069c08a9-90d0-4b77_54c76689_r0_c3.tres,,Canonical 1456x816 sheet; using 4x2 grid as instructed.
portrait_Sak_pixel_art_character_portrait_pack_cyberpunk_theme_WHITE_B_069c08a9-90d0-4b77_54c76689_r1_c0,READY_PORTRAIT,0.8621,1,0,0,408,364,408,res://assets/portraits/Sak_pixel_art_character_portrait_pack_cyberpunk_theme_WHITE_B_069c08a9-90d0-4b77-bb2d-889d27000089_2.png,res://assets/portraits/generated_slices/portrait_Sak_pixel_art_character_portrait_pack_cyberpunk_theme_WHITE_B_069c08a9-90d0-4b77_54c76689_r1_c0.png,res://assets/portraits/generated_slices/atlas_textures/portrait_Sak_pixel_art_character_portrait_pack_cyberpunk_theme_WHITE_B_069c08a9-90d0-4b77_54c76689_r1_c0.tres,,Canonical 1456x816 sheet; using 4x2 grid as instructed.
portrait_Sak_pixel_art_character_portrait_pack_cyberpunk_theme_WHITE_B_069c08a9-90d0-4b77_54c76689_r1_c1,READY_PORTRAIT,0.8042,1,1,364,408,364,408,res://assets/portraits/Sak_pixel_art_character_portrait_pack_cyberpunk_theme_WHITE_B_069c08a9-90d0-4b77-bb2d-889d27000089_2.png,res://assets/portraits/generated_slices/portrait_Sak_pixel_art_character_portrait_pack_cyberpunk_theme_WHITE_B_069c08a9-90d0-4b77_54c76689_r1_c1.png,res://assets/portraits/generated_slices/atlas_textures/portrait_Sak_pixel_art_character_portrait_pack_cyberpunk_theme_WHITE_B_069c08a9-90d0-4b77_54c76689_r1_c1.tres,,Canonical 1456x816 sheet; using 4x2 grid as instructed.
portrait_Sak_pixel_art_character_portrait_pack_cyberpunk_theme_WHITE_B_069c08a9-90d0-4b77_54c76689_r1_c2,READY_PORTRAIT,0.799,1,2,728,408,364,408,res://assets/portraits/Sak_pixel_art_character_portrait_pack_cyberpunk_theme_WHITE_B_069c08a9-90d0-4b77-bb2d-889d27000089_2.png,res://assets/portraits/generated_slices/portrait_Sak_pixel_art_character_portrait_pack_cyberpunk_theme_WHITE_B_069c08a9-90d0-4b77_54c76689_r1_c2.png,res://assets/portraits/generated_slices/atlas_textures/portrait_Sak_pixel_art_character_portrait_pack_cyberpunk_theme_WHITE_B_069c08a9-90d0-4b77_54c76689_r1_c2.tres,,Canonical 1456x816 sheet; using 4x2 grid as instructed.
portrait_Sak_pixel_art_character_portrait_pack_cyberpunk_theme_WHITE_B_069c08a9-90d0-4b77_54c76689_r1_c3,READY_PORTRAIT,0.8585,1,3,1092,408,364,408,res://assets/portraits/Sak_pixel_art_character_portrait_pack_cyberpunk_theme_WHITE_B_069c08a9-90d0-4b77-bb2d-889d27000089_2.png,res://assets/portraits/generated_slices/portrait_Sak_pixel_art_character_portrait_pack_cyberpunk_theme_WHITE_B_069c08a9-90d0-4b77_54c76689_r1_c3.png,res://assets/portraits/generated_slices/atlas_textures/portrait_Sak_pixel_art_character_portrait_pack_cyberpunk_theme_WHITE_B_069c08a9-90d0-4b77_54c76689_r1_c3.tres,,Canonical 1456x816 sheet; using 4x2 grid as instructed.
portrait_Sak_pixel_art_character_portrait_pack_cyberpunk_theme_WHITE_B_1599ac83-652d-49a0_eb39709b_r0_c0,READY_PORTRAIT,0.8717,0,0,0,0,364,408,res://assets/portraits/Sak_pixel_art_character_portrait_pack_cyberpunk_theme_WHITE_B_1599ac83-652d-49a0-9070-4931a779031c_1.png,res://assets/portraits/generated_slices/portrait_Sak_pixel_art_character_portrait_pack_cyberpunk_theme_WHITE_B_1599ac83-652d-49a0_eb39709b_r0_c0.png,res://assets/portraits/generated_slices/atlas_textures/portrait_Sak_pixel_art_character_portrait_pack_cyberpunk_theme_WHITE_B_1599ac83-652d-49a0_eb39709b_r0_c0.tres,,Canonical 1456x816 sheet; using 4x2 grid as instructed.
portrait_Sak_pixel_art_character_portrait_pack_cyberpunk_theme_WHITE_B_1599ac83-652d-49a0_eb39709b_r0_c1,READY_PORTRAIT,0.795,0,1,364,0,364,408,res://assets/portraits/Sak_pixel_art_character_portrait_pack_cyberpunk_theme_WHITE_B_1599ac83-652d-49a0-9070-4931a779031c_1.png,res://assets/portraits/generated_slices/portrait_Sak_pixel_art_character_portrait_pack_cyberpunk_theme_WHITE_B_1599ac83-652d-49a0_eb39709b_r0_c1.png,res://assets/portraits/generated_slices/atlas_textures/portrait_Sak_pixel_art_character_portrait_pack_cyberpunk_theme_WHITE_B_1599ac83-652d-49a0_eb39709b_r0_c1.tres,,Canonical 1456x816 sheet; using 4x2 grid as instructed.
portrait_Sak_pixel_art_character_portrait_pack_cyberpunk_theme_WHITE_B_1599ac83-652d-49a0_eb39709b_r0_c2,READY_PORTRAIT,0.7306,0,2,728,0,364,408,res://assets/portraits/Sak_pixel_art_character_portrait_pack_cyberpunk_theme_WHITE_B_1599ac83-652d-49a0-9070-4931a779031c_1.png,res://assets/portraits/generated_slices/portrait_Sak_pixel_art_character_portrait_pack_cyberpunk_theme_WHITE_B_1599ac83-652d-49a0_eb39709b_r0_c2.png,res://assets/portraits/generated_slices/atlas_textures/portrait_Sak_pixel_art_character_portrait_pack_cyberpunk_theme_WHITE_B_1599ac83-652d-49a0_eb39709b_r0_c2.tres,,Canonical 1456x816 sheet; using 4x2 grid as instructed.
portrait_Sak_pixel_art_character_portrait_pack_cyberpunk_theme_WHITE_B_1599ac83-652d-49a0_eb39709b_r0_c3,READY_PORTRAIT,0.9512,0,3,1092,0,364,408,res://assets/portraits/Sak_pixel_art_character_portrait_pack_cyberpunk_theme_WHITE_B_1599ac83-652d-49a0-9070-4931a779031c_1.png,res://assets/portraits/generated_slices/portrait_Sak_pixel_art_character_portrait_pack_cyberpunk_theme_WHITE_B_1599ac83-652d-49a0_eb39709b_r0_c3.png,res://assets/portraits/generated_slices/atlas_textures/portrait_Sak_pixel_art_character_portrait_pack_cyberpunk_theme_WHITE_B_1599ac83-652d-49a0_eb39709b_r0_c3.tres,,Canonical 1456x816 sheet; using 4x2 grid as instructed.
portrait_Sak_pixel_art_character_portrait_pack_cyberpunk_theme_WHITE_B_1599ac83-652d-49a0_eb39709b_r1_c0,READY_PORTRAIT,0.6853,1,0,0,408,364,408,res://assets/portraits/Sak_pixel_art_character_portrait_pack_cyberpunk_theme_WHITE_B_1599ac83-652d-49a0-9070-4931a779031c_1.png,res://assets/portraits/generated_slices/portrait_Sak_pixel_art_character_portrait_pack_cyberpunk_theme_WHITE_B_1599ac83-652d-49a0_eb39709b_r1_c0.png,res://assets/portraits/generated_slices/atlas_textures/portrait_Sak_pixel_art_character_portrait_pack_cyberpunk_theme_WHITE_B_1599ac83-652d-49a0_eb39709b_r1_c0.tres,,Canonical 1456x816 sheet; using 4x2 grid as instructed.
portrait_Sak_pixel_art_character_portrait_pack_cyberpunk_theme_WHITE_B_1599ac83-652d-49a0_eb39709b_r1_c1,READY_PORTRAIT,0.6927,1,1,364,408,364,408,res://assets/portraits/Sak_pixel_art_character_portrait_pack_cyberpunk_theme_WHITE_B_1599ac83-652d-49a0-9070-4931a779031c_1.png,res://assets/portraits/generated_slices/portrait_Sak_pixel_art_character_portrait_pack_cyberpunk_theme_WHITE_B_1599ac83-652d-49a0_eb39709b_r1_c1.png,res://assets/portraits/generated_slices/atlas_textures/portrait_Sak_pixel_art_character_portrait_pack_cyberpunk_theme_WHITE_B_1599ac83-652d-49a0_eb39709b_r1_c1.tres,,Canonical 1456x816 sheet; using 4x2 grid as instructed.
portrait_Sak_pixel_art_character_portrait_pack_cyberpunk_theme_WHITE_B_1599ac83-652d-49a0_eb39709b_r1_c2,READY_PORTRAIT,0.6574,1,2,728,408,364,408,res://assets/portraits/Sak_pixel_art_character_portrait_pack_cyberpunk_theme_WHITE_B_1599ac83-652d-49a0-9070-4931a779031c_1.png,res://assets/portraits/generated_slices/portrait_Sak_pixel_art_character_portrait_pack_cyberpunk_theme_WHITE_B_1599ac83-652d-49a0_eb39709b_r1_c2.png,res://assets/portraits/generated_slices/atlas_textures/portrait_Sak_pixel_art_character_portrait_pack_cyberpunk_theme_WHITE_B_1599ac83-652d-49a0_eb39709b_r1_c2.tres,,Canonical 1456x816 sheet; using 4x2 grid as instructed.
portrait_Sak_pixel_art_character_portrait_pack_cyberpunk_theme_WHITE_B_1599ac83-652d-49a0_eb39709b_r1_c3,READY_PORTRAIT,0.6539,1,3,1092,408,364,408,res://assets/portraits/Sak_pixel_art_character_portrait_pack_cyberpunk_theme_WHITE_B_1599ac83-652d-49a0-9070-4931a779031c_1.png,res://assets/portraits/generated_slices/portrait_Sak_pixel_art_character_portrait_pack_cyberpunk_theme_WHITE_B_1599ac83-652d-49a0_eb39709b_r1_c3.png,res://assets/portraits/generated_slices/atlas_textures/portrait_Sak_pixel_art_character_portrait_pack_cyberpunk_theme_WHITE_B_1599ac83-652d-49a0_eb39709b_r1_c3.tres,,Canonical 1456x816 sheet; using 4x2 grid as instructed.
portrait_Sak_pixel_art_character_portrait_pack_cyberpunk_theme_WHITE_B_efb0a77e-b2dd-416a_10336caa_r0_c0,READY_PORTRAIT,0.8812,0,0,0,0,364,408,res://assets/portraits/Sak_pixel_art_character_portrait_pack_cyberpunk_theme_WHITE_B_efb0a77e-b2dd-416a-b99a-1968bce934b7_2.png,res://assets/portraits/generated_slices/portrait_Sak_pixel_art_character_portrait_pack_cyberpunk_theme_WHITE_B_efb0a77e-b2dd-416a_10336caa_r0_c0.png,res://assets/portraits/generated_slices/atlas_textures/portrait_Sak_pixel_art_character_portrait_pack_cyberpunk_theme_WHITE_B_efb0a77e-b2dd-416a_10336caa_r0_c0.tres,,Canonical 1456x816 sheet; using 4x2 grid as instructed.
portrait_Sak_pixel_art_character_portrait_pack_cyberpunk_theme_WHITE_B_efb0a77e-b2dd-416a_10336caa_r0_c1,READY_PORTRAIT,0.7135,0,1,364,0,364,408,res://assets/portraits/Sak_pixel_art_character_portrait_pack_cyberpunk_theme_WHITE_B_efb0a77e-b2dd-416a-b99a-1968bce934b7_2.png,res://assets/portraits/generated_slices/portrait_Sak_pixel_art_character_portrait_pack_cyberpunk_theme_WHITE_B_efb0a77e-b2dd-416a_10336caa_r0_c1.png,res://assets/portraits/generated_slices/atlas_textures/portrait_Sak_pixel_art_character_portrait_pack_cyberpunk_theme_WHITE_B_efb0a77e-b2dd-416a_10336caa_r0_c1.tres,,Canonical 1456x816 sheet; using 4x2 grid as instructed.
portrait_Sak_pixel_art_character_portrait_pack_cyberpunk_theme_WHITE_B_efb0a77e-b2dd-416a_10336caa_r0_c2,READY_PORTRAIT,0.8149,0,2,728,0,364,408,res://assets/portraits/Sak_pixel_art_character_portrait_pack_cyberpunk_theme_WHITE_B_efb0a77e-b2dd-416a-b99a-1968bce934b7_2.png,res://assets/portraits/generated_slices/portrait_Sak_pixel_art_character_portrait_pack_cyberpunk_theme_WHITE_B_efb0a77e-b2dd-416a_10336caa_r0_c2.png,res://assets/portraits/generated_slices/atlas_textures/portrait_Sak_pixel_art_character_portrait_pack_cyberpunk_theme_WHITE_B_efb0a77e-b2dd-416a_10336caa_r0_c2.tres,,Canonical 1456x816 sheet; using 4x2 grid as instructed.
portrait_Sak_pixel_art_character_portrait_pack_cyberpunk_theme_WHITE_B_efb0a77e-b2dd-416a_10336caa_r0_c3,READY_PORTRAIT,0.9154,0,3,1092,0,364,408,res://assets/portraits/Sak_pixel_art_character_portrait_pack_cyberpunk_theme_WHITE_B_efb0a77e-b2dd-416a-b99a-1968bce934b7_2.png,res://assets/portraits/generated_slices/portrait_Sak_pixel_art_character_portrait_pack_cyberpunk_theme_WHITE_B_efb0a77e-b2dd-416a_10336caa_r0_c3.png,res://assets/portraits/generated_slices/atlas_textures/portrait_Sak_pixel_art_character_portrait_pack_cyberpunk_theme_WHITE_B_efb0a77e-b2dd-416a_10336caa_r0_c3.tres,,Canonical 1456x816 sheet; using 4x2 grid as instructed.
portrait_Sak_pixel_art_character_portrait_pack_cyberpunk_theme_WHITE_B_efb0a77e-b2dd-416a_10336caa_r1_c0,READY_PORTRAIT,0.8675,1,0,0,408,364,408,res://assets/portraits/Sak_pixel_art_character_portrait_pack_cyberpunk_theme_WHITE_B_efb0a77e-b2dd-416a-b99a-1968bce934b7_2.png,res://assets/portraits/generated_slices/portrait_Sak_pixel_art_character_portrait_pack_cyberpunk_theme_WHITE_B_efb0a77e-b2dd-416a_10336caa_r1_c0.png,res://assets/portraits/generated_slices/atlas_textures/portrait_Sak_pixel_art_character_portrait_pack_cyberpunk_theme_WHITE_B_efb0a77e-b2dd-416a_10336caa_r1_c0.tres,,Canonical 1456x816 sheet; using 4x2 grid as instructed.
portrait_Sak_pixel_art_character_portrait_pack_cyberpunk_theme_WHITE_B_efb0a77e-b2dd-416a_10336caa_r1_c1,READY_PORTRAIT,0.7761,1,1,364,408,364,408,res://assets/portraits/Sak_pixel_art_character_portrait_pack_cyberpunk_theme_WHITE_B_efb0a77e-b2dd-416a-b99a-1968bce934b7_2.png,res://assets/portraits/generated_slices/portrait_Sak_pixel_art_character_portrait_pack_cyberpunk_theme_WHITE_B_efb0a77e-b2dd-416a_10336caa_r1_c1.png,res://assets/portraits/generated_slices/atlas_textures/portrait_Sak_pixel_art_character_portrait_pack_cyberpunk_theme_WHITE_B_efb0a77e-b2dd-416a_10336caa_r1_c1.tres,,Canonical 1456x816 sheet; using 4x2 grid as instructed.
portrait_Sak_pixel_art_character_portrait_pack_cyberpunk_theme_WHITE_B_efb0a77e-b2dd-416a_10336caa_r1_c2,READY_PORTRAIT,0.8748,1,2,728,408,364,408,res://assets/portraits/Sak_pixel_art_character_portrait_pack_cyberpunk_theme_WHITE_B_efb0a77e-b2dd-416a-b99a-1968bce934b7_2.png,res://assets/portraits/generated_slices/portrait_Sak_pixel_art_character_portrait_pack_cyberpunk_theme_WHITE_B_efb0a77e-b2dd-416a_10336caa_r1_c2.png,res://assets/portraits/generated_slices/atlas_textures/portrait_Sak_pixel_art_character_portrait_pack_cyberpunk_theme_WHITE_B_efb0a77e-b2dd-416a_10336caa_r1_c2.tres,,Canonical 1456x816 sheet; using 4x2 grid as instructed.
portrait_Sak_pixel_art_character_portrait_pack_cyberpunk_theme_WHITE_B_efb0a77e-b2dd-416a_10336caa_r1_c3,READY_PORTRAIT,0.8991,1,3,1092,408,364,408,res://assets/portraits/Sak_pixel_art_character_portrait_pack_cyberpunk_theme_WHITE_B_efb0a77e-b2dd-416a-b99a-1968bce934b7_2.png,res://assets/portraits/generated_slices/portrait_Sak_pixel_art_character_portrait_pack_cyberpunk_theme_WHITE_B_efb0a77e-b2dd-416a_10336caa_r1_c3.png,res://assets/portraits/generated_slices/atlas_textures/portrait_Sak_pixel_art_character_portrait_pack_cyberpunk_theme_WHITE_B_efb0a77e-b2dd-416a_10336caa_r1_c3.tres,,Canonical 1456x816 sheet; using 4x2 grid as instructed.
